[{"name":"Trampoline-Shaed","songNotes":[{"key":"1Key5","time":764},{"key":"1Key5","time":930},{"key":"1Key5","time":1096},{"key":"1Key5","time":1262},{"key":"1Key5","time":1428},{"key":"1Key5","time":1594},{"key":"1Key5","time":1760},{"key":"1Key5","time":1926},{"key":"1Key5","time":2092},{"key":"1Key5","time":2258},{"key":"1Key5","time":2424},{"key":"1Key5","time":2590},{"key":"1Key12","time":2756},{"key":"1Key11","time":3088},{"key":"1Key10","time":3254},{"key":"1Key11","time":3586},{"key":"1Key1","time":3752},{"key":"1Key12","time":3752},{"key":"1Key3","time":3918},{"key":"1Key1","time":4084},{"key":"1Key8","time":4250},{"key":"1Key5","time":4582},{"key":"1Key3","time":4748},{"key":"1Key1","time":4914},{"key":"1Key8","time":5080},{"key":"1Key5","time":5412},{"key":"1Key3","time":5578},{"key":"1Key1","time":5744},{"key":"1Key8","time":5910},{"key":"1Key5","time":6242},{"key":"1Key12","time":6408},{"key":"1Key3","time":6574},{"key":"1Key1","time":6740},{"key":"1Key11","time":6740},{"key":"1Key8","time":6906},{"key":"1Key10","time":6906},{"key":"1Key5","time":7238},{"key":"1Key12","time":7238},{"key":"1Key0","time":7404},{"key":"1Key12","time":7404},{"key":"1Key3","time":7570},{"key":"1Key0","time":7736},{"key":"1Key14","time":7736},{"key":"1Key7","time":7902},{"key":"1Key12","time":7902},{"key":"1Key5","time":8234},{"key":"1Key3","time":8400},{"key":"1Key0","time":8566},{"key":"1Key7","time":8732},{"key":"1Key5","time":9064},{"key":"1Key3","time":9230},{"key":"1Key0","time":9396},{"key":"1Key7","time":9562},{"key":"1Key5","time":9894},{"key":"1Key12","time":10060},{"key":"1Key3","time":10226},{"key":"1Key0","time":10392},{"key":"1Key11","time":10392},{"key":"1Key7","time":10558},{"key":"1Key10","time":10558},{"key":"1Key5","time":10890},{"key":"1Key11","time":10890},{"key":"1Key0","time":11056},{"key":"1Key11","time":11056},{"key":"1Key2","time":11222},{"key":"1Key0","time":11388},{"key":"1Key7","time":11554},{"key":"1Key4","time":11886},{"key":"1Key2","time":12052},{"key":"1Key0","time":12218},{"key":"1Key7","time":12384},{"key":"1Key4","time":12716},{"key":"1Key2","time":12882},{"key":"1Key0","time":13048},{"key":"1Key7","time":13214},{"key":"1Key4","time":13546},{"key":"1Key11","time":13712},{"key":"1Key2","time":13878},{"key":"1Key12","time":13878},{"key":"1Key0","time":14044},{"key":"1Key12","time":14044},{"key":"1Key7","time":14210},{"key":"1Key11","time":14210},{"key":"1Key4","time":14542},{"key":"1Key10","time":14542},{"key":"1Key1","time":14708},{"key":"1Key12","time":14708},{"key":"1Key3","time":14874},{"key":"1Key1","time":15040},{"key":"1Key8","time":15206},{"key":"1Key1","time":15538},{"key":"1Key5","time":15704},{"key":"1Key3","time":15870},{"key":"1Key1","time":16036},{"key":"1Key5","time":16036},{"key":"1Key8","time":16202},{"key":"1Key5","time":16368},{"key":"1Key1","time":16534},{"key":"1Key5","time":16700},{"key":"1Key5","time":16866},{"key":"1Key5","time":17032},{"key":"1Key5","time":17198},{"key":"1Key5","time":17364},{"key":"1Key5","time":17530},{"key":"1Key5","time":17696},{"key":"1Key12","time":17696},{"key":"1Key11","time":18028},{"key":"1Key10","time":18194},{"key":"1Key11","time":18526},{"key":"1Key1","time":18692},{"key":"1Key5","time":18692},{"key":"1Key8","time":18692},{"key":"1Key12","time":18692},{"key":"1Key3","time":18858},{"key":"1Key1","time":19024},{"key":"1Key8","time":19190},{"key":"1Key5","time":19522},{"key":"1Key3","time":19688},{"key":"1Key1","time":19854},{"key":"1Key8","time":20020},{"key":"1Key5","time":20352},{"key":"1Key3","time":20518},{"key":"1Key1","time":20684},{"key":"1Key8","time":20850},{"key":"1Key5","time":21182},{"key":"1Key5","time":21348},{"key":"1Key12","time":21348},{"key":"1Key3","time":21514},{"key":"1Key1","time":21680},{"key":"1Key11","time":21680},{"key":"1Key8","time":21846},{"key":"1Key10","time":21846},{"key":"1Key5","time":22178},{"key":"1Key11","time":22178},{"key":"1Key0","time":22344},{"key":"1Key5","time":22344},{"key":"1Key7","time":22344},{"key":"1Key12","time":22344},{"key":"1Key3","time":22510},{"key":"1Key0","time":22676},{"key":"1Key14","time":22676},{"key":"1Key5","time":22842},{"key":"1Key7","time":22842},{"key":"1Key12","time":22842},{"key":"1Key5","time":23174},{"key":"1Key3","time":23340},{"key":"1Key0","time":23506},{"key":"1Key7","time":23672},{"key":"1Key5","time":24004},{"key":"1Key3","time":24170},{"key":"1Key0","time":24336},{"key":"1Key7","time":24502},{"key":"1Key5","time":24834},{"key":"1Key5","time":25000},{"key":"1Key12","time":25000},{"key":"1Key3","time":25166},{"key":"1Key0","time":25332},{"key":"1Key12","time":25332},{"key":"1Key4","time":25498},{"key":"1Key7","time":25498},{"key":"1Key11","time":25498},{"key":"1Key5","time":25830},{"key":"1Key10","time":25830},{"key":"1Key0","time":25996},{"key":"1Key2","time":25996},{"key":"1Key4","time":25996},{"key":"1Key9","time":25996},{"key":"1Key2","time":26162},{"key":"1Key0","time":26328},{"key":"1Key7","time":26494},{"key":"1Key4","time":26826},{"key":"1Key5","time":26992},{"key":"1Key12","time":26992},{"key":"1Key2","time":27158},{"key":"1Key0","time":27324},{"key":"1Key12","time":27324},{"key":"1Key4","time":27490},{"key":"1Key7","time":27490},{"key":"1Key11","time":27490},{"key":"1Key4","time":27822},{"key":"1Key10","time":27822},{"key":"1Key2","time":27988},{"key":"1Key4","time":27988},{"key":"1Key9","time":27988},{"key":"1Key2","time":28154},{"key":"1Key0","time":28320},{"key":"1Key7","time":28486},{"key":"1Key4","time":28818},{"key":"1Key5","time":28984},{"key":"1Key12","time":28984},{"key":"1Key2","time":29150},{"key":"1Key0","time":29316},{"key":"1Key11","time":29316},{"key":"1Key7","time":29482},{"key":"1Key4","time":29814},{"key":"1Key1","time":29980},{"key":"1Key7","time":29980},{"key":"1Key14","time":29980},{"key":"1Key3","time":30146},{"key":"1Key1","time":30312},{"key":"1Key8","time":30478},{"key":"1Key1","time":30810},{"key":"1Key5","time":30976},{"key":"1Key8","time":30976},{"key":"1Key3","time":31142},{"key":"1Key1","time":31308},{"key":"1Key5","time":31308},{"key":"1Key8","time":31474},{"key":"1Key5","time":31640},{"key":"1Key1","time":31806},{"key":"1Key1","time":31972},{"key":"1Key10","time":31972},{"key":"1Key3","time":32138},{"key":"1Key1","time":32304},{"key":"1Key8","time":32470},{"key":"1Key1","time":32802},{"key":"1Key12","time":32968},{"key":"1Key1","time":33964},{"key":"1Key3","time":33964},{"key":"1Key5","time":33964},{"key":"1Key8","time":33964},{"key":"1Key8","time":34960},{"key":"1Key9","time":35624},{"key":"1Key1","time":35790},{"key":"1Key3","time":35790},{"key":"1Key8","time":35790},{"key":"1Key10","time":35790},{"key":"1Key11","time":36288},{"key":"1Key0","time":36786},{"key":"1Key2","time":36786},{"key":"1Key7","time":36786},{"key":"1Key8","time":36786},{"key":"1Key7","time":37284},{"key":"1Key14","time":37284},{"key":"1Key3","time":37782},{"key":"1Key8","time":37782},{"key":"1Key10","time":37782},{"key":"1Key9","time":38778},{"key":"1Key8","time":39442},{"key":"1Key1","time":39608},{"key":"1Key4","time":39608},{"key":"1Key10","time":39608},{"key":"1Key11","time":40106},{"key":"1Key2","time":40604},{"key":"1Key5","time":40604},{"key":"1Key8","time":40604},{"key":"1Key10","time":41102},{"key":"1Key8","time":41268},{"key":"1Key1","time":41434},{"key":"1Key8","time":42430},{"key":"1Key9","time":43094},{"key":"1Key1","time":43260},{"key":"1Key3","time":43260},{"key":"1Key5","time":43260},{"key":"1Key8","time":43260},{"key":"1Key10","time":43260},{"key":"1Key11","time":43758},{"key":"1Key0","time":44256},{"key":"1Key2","time":44256},{"key":"1Key4","time":44256},{"key":"1Key7","time":44256},{"key":"1Key8","time":44256},{"key":"1Key7","time":44754},{"key":"1Key14","time":44754},{"key":"1Key1","time":45252},{"key":"1Key3","time":45252},{"key":"1Key11","time":47078},{"key":"1Key1","time":47244},{"key":"1Key3","time":47244},{"key":"1Key13","time":47244},{"key":"1Key12","time":47576},{"key":"1Key11","time":47742},{"key":"1Key2","time":48240},{"key":"1Key4","time":48240},{"key":"1Key12","time":48240},{"key":"1Key12","time":48738},{"key":"1Key5","time":52224},{"key":"1Key12","time":52224},{"key":"1Key4","time":52556},{"key":"1Key11","time":52556},{"key":"1Key3","time":52722},{"key":"1Key10","time":52722},{"key":"1Key4","time":53054},{"key":"1Key11","time":53054},{"key":"1Key5","time":53220},{"key":"1Key12","time":53220},{"key":"1Key3","time":53386},{"key":"1Key1","time":53552},{"key":"1Key8","time":53718},{"key":"1Key5","time":54050},{"key":"1Key3","time":54216},{"key":"1Key1","time":54382},{"key":"1Key8","time":54548},{"key":"1Key5","time":54880},{"key":"1Key3","time":55046},{"key":"1Key1","time":55212},{"key":"1Key8","time":55378},{"key":"1Key5","time":55710},{"key":"1Key5","time":55876},{"key":"1Key12","time":55876},{"key":"1Key3","time":56042},{"key":"1Key1","time":56208},{"key":"1Key11","time":56208},{"key":"1Key8","time":56374},{"key":"1Key10","time":56374},{"key":"1Key5","time":56706},{"key":"1Key11","time":56706},{"key":"1Key5","time":56872},{"key":"1Key7","time":56872},{"key":"1Key12","time":56872},{"key":"1Key3","time":57038},{"key":"1Key0","time":57204},{"key":"1Key14","time":57204},{"key":"1Key7","time":57370},{"key":"1Key5","time":57536},{"key":"1Key7","time":57536},{"key":"1Key12","time":57536},{"key":"1Key5","time":57702},{"key":"1Key3","time":57868},{"key":"1Key0","time":58034},{"key":"1Key7","time":58200},{"key":"1Key5","time":58532},{"key":"1Key3","time":58698},{"key":"1Key0","time":58864},{"key":"1Key7","time":59030},{"key":"1Key5","time":59362},{"key":"1Key5","time":59528},{"key":"1Key12","time":59528},{"key":"1Key3","time":59694},{"key":"1Key0","time":59860},{"key":"1Key11","time":59860},{"key":"1Key7","time":60026},{"key":"1Key10","time":60026},{"key":"1Key5","time":60358},{"key":"1Key11","time":60358},{"key":"1Key4","time":60524},{"key":"1Key11","time":60524},{"key":"1Key2","time":60690},{"key":"1Key0","time":60856},{"key":"1Key7","time":61022},{"key":"1Key4","time":61354},{"key":"1Key2","time":61520},{"key":"1Key0","time":61686},{"key":"1Key7","time":61852},{"key":"1Key4","time":62184},{"key":"1Key2","time":62350},{"key":"1Key0","time":62516},{"key":"1Key7","time":62682},{"key":"1Key4","time":63014},{"key":"1Key11","time":63180},{"key":"1Key2","time":63346},{"key":"1Key12","time":63346},{"key":"1Key0","time":63512},{"key":"1Key12","time":63512},{"key":"1Key4","time":63678},{"key":"1Key7","time":63678},{"key":"1Key11","time":63678},{"key":"1Key4","time":64010},{"key":"1Key10","time":64010},{"key":"1Key5","time":64176},{"key":"1Key12","time":64176},{"key":"1Key3","time":64342},{"key":"1Key1","time":64508},{"key":"1Key8","time":64508},{"key":"1Key8","time":64674},{"key":"1Key4","time":65006},{"key":"1Key3","time":65172},{"key":"1Key1","time":65338},{"key":"1Key8","time":65504},{"key":"1Key4","time":65836},{"key":"1Key3","time":66002},{"key":"1Key1","time":66168},{"key":"1Key1","time":66334},{"key":"1Key8","time":66334},{"key":"1Key12","time":66666},{"key":"1Key5","time":66832},{"key":"1Key12","time":66832},{"key":"1Key11","time":67164},{"key":"1Key10","time":67330},{"key":"1Key11","time":67662},{"key":"1Key5","time":67828},{"key":"1Key12","time":67828},{"key":"1Key3","time":67994},{"key":"1Key1","time":68160},{"key":"1Key8","time":68326},{"key":"1Key5","time":68658},{"key":"1Key3","time":68824},{"key":"1Key1","time":68990},{"key":"1Key8","time":69156},{"key":"1Key5","time":69488},{"key":"1Key3","time":69654},{"key":"1Key1","time":69820},{"key":"1Key8","time":69986},{"key":"1Key5","time":70318},{"key":"1Key5","time":70484},{"key":"1Key12","time":70484},{"key":"1Key3","time":70650},{"key":"1Key1","time":70816},{"key":"1Key11","time":70816},{"key":"1Key8","time":70982},{"key":"1Key10","time":70982},{"key":"1Key5","time":71314},{"key":"1Key11","time":71314},{"key":"1Key5","time":71480},{"key":"1Key7","time":71480},{"key":"1Key12","time":71480},{"key":"1Key3","time":71646},{"key":"1Key0","time":71812},{"key":"1Key14","time":71812},{"key":"1Key5","time":71978},{"key":"1Key7","time":71978},{"key":"1Key12","time":71978},{"key":"1Key5","time":72310},{"key":"1Key3","time":72476},{"key":"1Key0","time":72642},{"key":"1Key7","time":72808},{"key":"1Key5","time":73140},{"key":"1Key3","time":73306},{"key":"1Key0","time":73472},{"key":"1Key7","time":73638},{"key":"1Key5","time":73970},{"key":"1Key5","time":74136},{"key":"1Key12","time":74136},{"key":"1Key3","time":74302},{"key":"1Key0","time":74468},{"key":"1Key12","time":74468},{"key":"1Key4","time":74634},{"key":"1Key7","time":74634},{"key":"1Key11","time":74634},{"key":"1Key5","time":74966},{"key":"1Key10","time":74966},{"key":"1Key2","time":75132},{"key":"1Key4","time":75132},{"key":"1Key9","time":75132},{"key":"1Key2","time":75298},{"key":"1Key0","time":75464},{"key":"1Key7","time":75630},{"key":"1Key4","time":75962},{"key":"1Key5","time":76128},{"key":"1Key12","time":76128},{"key":"1Key2","time":76294},{"key":"1Key0","time":76460},{"key":"1Key12","time":76460},{"key":"1Key4","time":76626},{"key":"1Key7","time":76626},{"key":"1Key11","time":76626},{"key":"1Key4","time":76958},{"key":"1Key10","time":76958},{"key":"1Key2","time":77124},{"key":"1Key4","time":77124},{"key":"1Key9","time":77124},{"key":"1Key2","time":77290},{"key":"1Key0","time":77456},{"key":"1Key7","time":77622},{"key":"1Key4","time":77954},{"key":"1Key5","time":78120},{"key":"1Key12","time":78120},{"key":"1Key2","time":78286},{"key":"1Key0","time":78452},{"key":"1Key11","time":78452},{"key":"1Key7","time":78618},{"key":"1Key4","time":78950},{"key":"1Key7","time":79116},{"key":"1Key14","time":79116},{"key":"1Key3","time":79282},{"key":"1Key1","time":79448},{"key":"1Key8","time":79614},{"key":"1Key4","time":79946},{"key":"1Key8","time":80112},{"key":"1Key3","time":80278},{"key":"1Key1","time":80444},{"key":"1Key8","time":80610},{"key":"1Key4","time":80942},{"key":"1Key4","time":81108},{"key":"1Key10","time":81108},{"key":"1Key3","time":81274},{"key":"1Key1","time":81440},{"key":"1Key5","time":81606},{"key":"1Key8","time":81772},{"key":"1Key4","time":81938},{"key":"1Key12","time":81938},{"key":"1Key1","time":82934},{"key":"1Key3","time":82934},{"key":"1Key5","time":82934},{"key":"1Key8","time":82934},{"key":"1Key8","time":83930},{"key":"1Key9","time":84594},{"key":"1Key1","time":84760},{"key":"1Key3","time":84760},{"key":"1Key8","time":84760},{"key":"1Key10","time":84760},{"key":"1Key11","time":85258},{"key":"1Key0","time":85756},{"key":"1Key2","time":85756},{"key":"1Key7","time":85756},{"key":"1Key8","time":85756},{"key":"1Key7","time":86254},{"key":"1Key14","time":86254},{"key":"1Key3","time":86752},{"key":"1Key8","time":86752},{"key":"1Key10","time":86752},{"key":"1Key9","time":87748},{"key":"1Key8","time":88412},{"key":"1Key1","time":88578},{"key":"1Key4","time":88578},{"key":"1Key10","time":88578},{"key":"1Key11","time":89076},{"key":"1Key2","time":89574},{"key":"1Key5","time":89574},{"key":"1Key8","time":89574},{"key":"1Key10","time":90072},{"key":"1Key8","time":90238},{"key":"1Key1","time":90404},{"key":"1Key8","time":91400},{"key":"1Key9","time":92064},{"key":"1Key1","time":92230},{"key":"1Key3","time":92230},{"key":"1Key5","time":92230},{"key":"1Key8","time":92230},{"key":"1Key10","time":92230},{"key":"1Key11","time":92728},{"key":"1Key0","time":93226},{"key":"1Key2","time":93226},{"key":"1Key4","time":93226},{"key":"1Key7","time":93226},{"key":"1Key8","time":93226},{"key":"1Key7","time":93724},{"key":"1Key14","time":93724},{"key":"1Key1","time":94222},{"key":"1Key3","time":94222},{"key":"1Key11","time":96048},{"key":"1Key1","time":96214},{"key":"1Key3","time":96214},{"key":"1Key13","time":96214},{"key":"1Key12","time":96546},{"key":"1Key11","time":96712},{"key":"1Key2","time":97210},{"key":"1Key4","time":97210},{"key":"1Key12","time":97210},{"key":"1Key12","time":97708},{"key":"1Key1","time":98206},{"key":"1Key3","time":98206},{"key":"1Key5","time":98206},{"key":"1Key8","time":98206},{"key":"1Key8","time":98538},{"key":"1Key8","time":98704},{"key":"1Key8","time":98870},{"key":"1Key8","time":99202},{"key":"1Key8","time":99368},{"key":"1Key9","time":99534},{"key":"1Key1","time":99700},{"key":"1Key3","time":99700},{"key":"1Key8","time":99700},{"key":"1Key10","time":99700},{"key":"1Key8","time":99866},{"key":"1Key8","time":100032},{"key":"1Key8","time":100198},{"key":"1Key11","time":100364},{"key":"1Key8","time":100530},{"key":"1Key0","time":100696},{"key":"1Key2","time":100696},{"key":"1Key7","time":100696},{"key":"1Key8","time":100696},{"key":"1Key0","time":101028},{"key":"1Key7","time":101194},{"key":"1Key14","time":101194},{"key":"1Key0","time":101360},{"key":"1Key3","time":101526},{"key":"1Key8","time":101526},{"key":"1Key10","time":101526},{"key":"1Key3","time":101858},{"key":"1Key3","time":102024},{"key":"1Key3","time":102190},{"key":"1Key9","time":102190},{"key":"1Key3","time":102522},{"key":"1Key3","time":102688},{"key":"1Key8","time":102854},{"key":"1Key1","time":103020},{"key":"1Key4","time":103020},{"key":"1Key10","time":103020},{"key":"1Key4","time":103352},{"key":"1Key11","time":103518},{"key":"1Key4","time":103684},{"key":"1Key2","time":103850},{"key":"1Key5","time":103850},{"key":"1Key8","time":103850},{"key":"1Key10","time":104348},{"key":"1Key8","time":104514},{"key":"1Key1","time":104680},{"key":"1Key8","time":105676},{"key":"1Key9","time":106340},{"key":"1Key1","time":106506},{"key":"1Key3","time":106506},{"key":"1Key8","time":106506},{"key":"1Key10","time":106506},{"key":"1Key8","time":106672},{"key":"1Key8","time":106838},{"key":"1Key8","time":107004},{"key":"1Key11","time":107170},{"key":"1Key8","time":107336},{"key":"1Key0","time":107502},{"key":"1Key2","time":107502},{"key":"1Key7","time":107502},{"key":"1Key8","time":107502},{"key":"1Key0","time":107834},{"key":"1Key7","time":108000},{"key":"1Key14","time":108000},{"key":"1Key0","time":108166},{"key":"1Key1","time":108332},{"key":"1Key3","time":108332},{"key":"1Key3","time":108664},{"key":"1Key3","time":108830},{"key":"1Key3","time":108996},{"key":"1Key3","time":109328},{"key":"1Key3","time":109494},{"key":"1Key11","time":109660},{"key":"1Key1","time":109826},{"key":"1Key3","time":109826},{"key":"1Key13","time":109826},{"key":"1Key3","time":110158},{"key":"1Key12","time":110158},{"key":"1Key11","time":110324},{"key":"1Key3","time":110490},{"key":"1Key2","time":110656},{"key":"1Key4","time":110656},{"key":"1Key12","time":110656},{"key":"1Key4","time":110988},{"key":"1Key12","time":111154},{"key":"1Key4","time":111320}]}]